nom_ancienne_region,ift_total,culture
Rhône-Alpes,7.8,Abricotier
Languedoc-Roussillon,7.3,Abricotier
Provence-Alpes-Côte d'Azur,7.7,Abricotier
France,7.6,Abricotier
Rhône-Alpes,9.2,Abricotier
Languedoc-Roussillon,8.7,Abricotier
Provence-Alpes-Côte d'Azur,9.2,Abricotier
France,9.1,Abricotier
Guyane,1.3,agrumes
France,1.3,agrumes
Guadeloupe,5.6,banane
Martinique,12.7,banane
France,10.7,banane
Picardie,8.7,Cerisier
Haute-Normandie,7.6,Cerisier
Basse-Normandie,2.0,Cerisier
Pays de la Loire,6.9,Cerisier
Bretagne,3.3,Cerisier
France,4.4,Cerisier
Corse,4.9,Clémentinier
France,4.9,Clémentinier
Rhône-Alpes,3.2,Olivier
Languedoc-Roussillon,2.8,Olivier
Provence-Alpes-Côte d'Azur,1.5,Olivier
France,1.9,Olivier
Midi-Pyrénées,16.9,Pêcher
Rhône-Alpes,19.0,Pêcher
Languedoc-Roussillon,17.1,Pêcher
Provence-Alpes-Côte d'Azur,22.9,Pêcher
France,18.9,Pêcher
Picardie,8.7,Pommier
Haute-Normandie,7.6,Pommier
Basse-Normandie,2.0,Pommier
Pays de la Loire,6.9,Pommier
Bretagne,3.3,Pommier
France,4.4,Pommier
Picardie,33.0,Pommier
Haute-Normandie,19.3,Pommier
Centre-Val de Loire,39.7,Pommier
Nord-Pas-de-Calais,18.7,Pommier
Pays de la Loire,38.7,Pommier
Bretagne,13.0,Pommier
Poitou-Charentes,46.2,Pommier
Aquitaine,38.8,Pommier
Midi-Pyrénées,33.9,Pommier
Limousin,44.7,Pommier
Rhône-Alpes,20.4,Pommier
Languedoc-Roussillon,25.4,Pommier
Provence-Alpes-Côte d'Azur,25.8,Pommier
France,31.7,Pommier
Lorraine,7.4,Prunier
Aquitaine,6.7,Prunier
Midi-Pyrénées,7.9,Prunier
Provence-Alpes-Côte d'Azur,9.0,Prunier
France,7.1,Prunier
Aquitaine,13.3,raisin_de_table
Midi-Pyrénées,19.8,raisin_de_table
Languedoc-Roussillon,12.2,raisin_de_table
Provence-Alpes-Côte d'Azur,13.4,raisin_de_table
France,14.7,raisin_de_table
