departement,campagne,nom_bassin_viticole,ift_total
01,2016,Bugey-Savoie,18.1
2A,2016,Corse,13.9
2B,2016,Corse,13.9
07,2016,Côtes-du-Rhône Sud,12.7
10,2016,Champagne,23.5
11,2016,Languedoc hors Pyrénées-Orientales,14.0
13,2016,Bouches-du-Rhône,9.3
16,2016,Charentes,18.0
17,2016,Charentes,18.0
18,2016,Cher,17.6
21,2016,Bourgogne,19.3
24,2016,Dordogne,15.2
26,2016,Côtes-du-Rhône Nord,13.6
30,2016,Languedoc hors Pyrénées-Orientales,14.0
32,2016,Gers,18.9
33,2016,Bordelais,17.2
34,2016,Languedoc hors Pyrénées-Orientales,14.0
37,2016,Val de Loire,15.0
38,2016,Bugey-Savoie,18.1
41,2016,Val de Loire,15.0
44,2016,Val de Loire,15.0
46,2016,Cahors,15.8
47,2016,Lot-et-Garonne,15.9
49,2016,Val de Loire,15.0
51,2016,Champagne,23.5
66,2016,Pyrénées-Orientales,10.4
67,2016,Alsace,14.9
68,2016,Alsace,14.9
69,2016,Beaujolais,18.7
71,2016,Bourgogne,19.3
73,2016,Bugey-Savoie,18.1
74,2016,Bugey-Savoie,18.1
81,2016,Gaillac,15.7
83,2016,Provence (Var-Vaucluse),10.3
84,2016,Provence (Var-Vaucluse),10.3
89,2016,Bourgogne,19.3
01,2019,Bugey-Savoie,14.4
2A,2019,Corse,12.7
2B,2019,Corse,12.7
07,2019,Côtes-du-Rhône Sud,9.0
10,2019,Champagne,17.4
11,2019,Languedoc hors Pyrénées-Orientales,11.1
13,2019,Bouches-du-Rhône,8.1
16,2019,Charentes,16.9
17,2019,Charentes,16.9
18,2019,Cher,9.2
21,2019,Bourgogne,12.3
24,2019,Dordogne,11.8
26,2019,Côtes-du-Rhône Nord,9.3
30,2019,Languedoc hors Pyrénées-Orientales,11.1
32,2019,Gers,19.1
33,2019,Bordelais,15.0
34,2019,Languedoc hors Pyrénées-Orientales,11.1
37,2019,Val de Loire,9.2
38,2019,Bugey-Savoie,14.4
39,2019,Jura,9.7
41,2019,Val de Loire,9.2
44,2019,Val de Loire,9.2
46,2019,Cahors,14.5
47,2019,Lot-et-Garonne,14.0
49,2019,Val de Loire,9.2
51,2019,Champagne,17.4
66,2019,Pyrénées-Orientales,7.9
67,2019,Alsace,9.9
68,2019,Alsace,9.9
69,2019,Beaujolais,12.8
71,2019,Bourgogne,12.3
73,2019,Bugey-Savoie,14.4
74,2019,Bugey-Savoie,14.4
81,2019,Gaillac,13.1
83,2019,Provence (Var-Vaucluse),8.8
84,2019,Provence (Var-Vaucluse),8.8
89,2019,Bourgogne,12.3
01,2024,Bugey Savoie hors vallée du Rhône,16.0
2A,2024,Corse,10.7
2B,2024,Corse,10.7
07,2024,Vallée du Rhône Sud,11.4
10,2024,Champagne,26.2
11,2024,Languedoc hors vallée du Rhône,11.3
13,2024,Provence-Méditerranée,7.5
16,2024,Charentes-Cognac,17.1
17,2024,Charentes-Cognac,17.1
18,2024,Cher,21.0
21,2024,Bourgogne,21.2
24,2024,Dordogne-Duras,15.3
26,2024,Vallée du Rhône Nord,12.7
30,2024,Languedoc hors vallée du Rhône,11.3
32,2024,Gers,23.0
33,2024,Bordelais,19.2
34,2024,Languedoc hors vallée du Rhône,11.3
37,2024,Val de Loire,13.0
38,2024,Bugey Savoie hors vallée du Rhône,16.0
39,2024,Jura,13.8
41,2024,Val de Loire,13.0
44,2024,Val de Loire,13.0
46,2024,Cahors,18.1
47,2024,Lot-et-Garonne hors Duras,16.1
49,2024,Val de Loire,13.0
51,2024,Champagne,26.2
66,2024,Pyrénées-Orientales,7.3
67,2024,Alsace,13.9
68,2024,Alsace,13.9
69,2024,Beaujolais,20.0
71,2024,Bourgogne,21.2
73,2024,Bugey Savoie hors vallée du Rhône,16.0
74,2024,Bugey Savoie hors vallée du Rhône,16.0
81,2024,Gaillac,15.2
83,2024,Provence-Méditerranée,7.5
84,2024,Vallée du Rhône Sud,11.4
89,2024,Bourgogne,21.2
